study_accession,t2_id,files,file_type,format,size,data_level,size_bytes,file_path,strategy
HRA000021,HRA000021::/hpcdisk1/cbb_group/data/analysis/HRA000021/BAM-files,BAM-files,DIR,dir,104.10 TB,2,1.14455E+14,/hpcdisk1/cbb_group/data/analysis/HRA000021/BAM-files,genomic
HRA000021,HRA000021::/hpcdisk1/cbb_group/data/analysis/HRA000021/SomaticIndel-VCF-files,SomaticIndel-VCF-files,DIR,dir,0.00 B,2,0,/hpcdisk1/cbb_group/data/analysis/HRA000021/SomaticIndel-VCF-files,genomic
HRA000021,HRA000021::/hpcdisk1/cbb_group/data/analysis/HRA000021/SomaticSNV-VCF-files,SomaticSNV-VCF-files,DIR,dir,0.00 B,2,0,/hpcdisk1/cbb_group/data/analysis/HRA000021/SomaticSNV-VCF-files,genomic
HRA000021,HRA000021::/hpcdisk1/cbb_group/data/analysis/HRA000021/SomaticSV-VCF-files,SomaticSV-VCF-files,DIR,dir,0.00 B,2,0,/hpcdisk1/cbb_group/data/analysis/HRA000021/SomaticSV-VCF-files,genomic
HRA000071,HRA000071::/hpcdisk1/cbb_group/data/analysis/HRA000071/BAM-files,BAM-files,DIR,dir,4.29 TB,2,4.71329E+12,/hpcdisk1/cbb_group/data/analysis/HRA000071/BAM-files,genomic
HRA000071,HRA000071::/hpcdisk1/cbb_group/data/analysis/HRA000071/HRA000071-SomaticCNV-1.0.tsv,HRA000071-SomaticCNV-1.0.tsv,.tsv,tsv,1.20 MB,2,1256167,/hpcdisk1/cbb_group/data/analysis/HRA000071/HRA000071-SomaticCNV-1.0.tsv,genomic
HRA000071,HRA000071::/hpcdisk1/cbb_group/data/analysis/HRA000071/HRA000071-SomaticSNV-1.0.maf,HRA000071-SomaticSNV-1.0.maf,.maf,maf,214.68 MB,2,225106030,/hpcdisk1/cbb_group/data/analysis/HRA000071/HRA000071-SomaticSNV-1.0.maf,genomic
HRA000071,HRA000071::/hpcdisk1/cbb_group/data/analysis/HRA000071/SomaticIndel-VCF-files,SomaticIndel-VCF-files,DIR,tsv,1.63 MB,2,1705926,/hpcdisk1/cbb_group/data/analysis/HRA000071/SomaticIndel-VCF-files,genomic
HRA000071,HRA000071::/hpcdisk1/cbb_group/data/analysis/HRA000071/SomaticSNV-VCF-files,SomaticSNV-VCF-files,DIR,tsv,15.84 MB,2,16607301,/hpcdisk1/cbb_group/data/analysis/HRA000071/SomaticSNV-VCF-files,genomic
HRA000071,HRA000071::/hpcdisk1/cbb_group/data/analysis/HRA000071/SomaticSV-VCF-files,SomaticSV-VCF-files,DIR,tsv,1.42 MB,2,1491452,/hpcdisk1/cbb_group/data/analysis/HRA000071/SomaticSV-VCF-files,genomic
HRA000074,HRA000074::/hpcdisk1/cbb_group/data/analysis/HRA000074/BAM,BAM,DIR,maf,23.92 TB,2,2.63034E+13,/hpcdisk1/cbb_group/data/analysis/HRA000074/BAM,transcriptomic
HRA000074,HRA000074::/hpcdisk1/cbb_group/data/analysis/HRA000074/Fusion,Fusion,DIR,maf,53.36 MB,2,55954310,/hpcdisk1/cbb_group/data/analysis/HRA000074/Fusion,transcriptomic
HRA000074,HRA000074::/hpcdisk1/cbb_group/data/analysis/HRA000074/HRA000074-Genes-counts-1.0.tsv,HRA000074-Genes-counts-1.0.tsv,.tsv,tsv,148.03 MB,2,155225597,/hpcdisk1/cbb_group/data/analysis/HRA000074/HRA000074-Genes-counts-1.0.tsv,transcriptomic
HRA000074,HRA000074::/hpcdisk1/cbb_group/data/analysis/HRA000074/HRA000074-Genes-FPKM-1.0.tsv,HRA000074-Genes-FPKM-1.0.tsv,.tsv,tsv,556.86 MB,2,583913593,/hpcdisk1/cbb_group/data/analysis/HRA000074/HRA000074-Genes-FPKM-1.0.tsv,transcriptomic
HRA000074,HRA000074::/hpcdisk1/cbb_group/data/analysis/HRA000074/HRA000074-Genes-TPM-1.0.tsv,HRA000074-Genes-TPM-1.0.tsv,.tsv,tsv,546.21 MB,2,572745583,/hpcdisk1/cbb_group/data/analysis/HRA000074/HRA000074-Genes-TPM-1.0.tsv,transcriptomic
HRA000074,HRA000074::/hpcdisk1/cbb_group/data/analysis/HRA000074/SpliceJunction,SpliceJunction,DIR,tsv,7.99 GB,2,8578367553,/hpcdisk1/cbb_group/data/analysis/HRA000074/SpliceJunction,transcriptomic
HRA000321,HRA000321::/hpcdisk1/cbb_group/data/scRNAseq/HRA000321/Matrix-h5,Matrix-h5,DIR,maf,0.00 B,2,0,/hpcdisk1/cbb_group/data/scRNAseq/HRA000321/Matrix-h5,single-cell transcriptomic
HRA000873,HRA000873::/hpcdisk1/cbb_group/data/analysis/HRA000873/BAM-files,BAM-files,DIR,tsv,50.91 TB,2,5.59771E+13,/hpcdisk1/cbb_group/data/analysis/HRA000873/BAM-files,genomic
HRA000873,HRA000873::/hpcdisk1/cbb_group/data/analysis/HRA000873/HRA000873-SomaticSNV-1.0.full.maf,HRA000873-SomaticSNV-1.0.full.maf,.maf,maf,44.04 GB,2,47284877216,/hpcdisk1/cbb_group/data/analysis/HRA000873/HRA000873-SomaticSNV-1.0.full.maf,genomic
HRA000873,HRA000873::/hpcdisk1/cbb_group/data/analysis/HRA000873/HRA000873-SomaticSNV-1.0.maf,HRA000873-SomaticSNV-1.0.maf,.maf,tsv,24.72 GB,2,26542363824,/hpcdisk1/cbb_group/data/analysis/HRA000873/HRA000873-SomaticSNV-1.0.maf,genomic
HRA000873,HRA000873::/hpcdisk1/cbb_group/data/analysis/HRA000873/maf,maf,DIR,tsv,44.04 GB,2,47286335348,/hpcdisk1/cbb_group/data/analysis/HRA000873/maf,genomic
HRA000873,HRA000873::/hpcdisk1/cbb_group/data/analysis/HRA000873/mutect2,mutect2,DIR,tsv,4.89 GB,2,5250813611,/hpcdisk1/cbb_group/data/analysis/HRA000873/mutect2,genomic
HRA000873,HRA000873::/hpcdisk1/cbb_group/data/analysis/HRA000873/SomaticIndel-VCF-files,SomaticIndel-VCF-files,DIR,tsv,1.90 GB,2,2042043583,/hpcdisk1/cbb_group/data/analysis/HRA000873/SomaticIndel-VCF-files,genomic
HRA000873,HRA000873::/hpcdisk1/cbb_group/data/analysis/HRA000873/SomaticSNV-VCF-files,SomaticSNV-VCF-files,DIR,tsv,1.68 GB,2,1808082609,/hpcdisk1/cbb_group/data/analysis/HRA000873/SomaticSNV-VCF-files,genomic
HRA001272,HRA001272::/hpcdisk1/cbb_group/data/analysis/HRA001272/BAM,BAM,DIR,tsv,11.09 TB,2,1.219E+13,/hpcdisk1/cbb_group/data/analysis/HRA001272/BAM,genomic
HRA001272,HRA001272::/hpcdisk1/cbb_group/data/analysis/HRA001272/RNAseq/BAM,BAM,DIR,tsv,21.58 TB,2,2.3729E+13,/hpcdisk1/cbb_group/data/analysis/HRA001272/RNAseq/BAM,transcriptomic
HRA001272,HRA001272::/hpcdisk1/cbb_group/data/analysis/HRA001272/RNAseq/Fusion,Fusion,DIR,maf,47.00 MB,2,49284631,/hpcdisk1/cbb_group/data/analysis/HRA001272/RNAseq/Fusion,transcriptomic
HRA001272,HRA001272::/hpcdisk1/cbb_group/data/analysis/HRA001272/RNAseq/HRA001272-Genes-counts-1.0.tsv,HRA001272-Genes-counts-1.0.tsv,.tsv,tsv,87.75 MB,2,92007381,/hpcdisk1/cbb_group/data/analysis/HRA001272/RNAseq/HRA001272-Genes-counts-1.0.tsv,transcriptomic
HRA001272,HRA001272::/hpcdisk1/cbb_group/data/analysis/HRA001272/RNAseq/HRA001272-Genes-FPKM-1.0.tsv,HRA001272-Genes-FPKM-1.0.tsv,.tsv,tsv,238.52 MB,2,250101789,/hpcdisk1/cbb_group/data/analysis/HRA001272/RNAseq/HRA001272-Genes-FPKM-1.0.tsv,transcriptomic
HRA001272,HRA001272::/hpcdisk1/cbb_group/data/analysis/HRA001272/RNAseq/HRA001272-Genes-TPM-1.0.tsv,HRA001272-Genes-TPM-1.0.tsv,.tsv,tsv,234.64 MB,2,246033643,/hpcdisk1/cbb_group/data/analysis/HRA001272/RNAseq/HRA001272-Genes-TPM-1.0.tsv,transcriptomic
HRA001272,HRA001272::/hpcdisk1/cbb_group/data/analysis/HRA001272/HRA001272-SomaticCNV-1.0.tsv,HRA001272-SomaticCNV-1.0.tsv,.tsv,tsv,2.64 MB,2,2770854,/hpcdisk1/cbb_group/data/analysis/HRA001272/HRA001272-SomaticCNV-1.0.tsv,genomic
HRA001272,HRA001272::/hpcdisk1/cbb_group/data/analysis/HRA001272/HRA001272-SomaticSNV-1.0.maf,HRA001272-SomaticSNV-1.0.maf,.maf,maf,5.84 GB,2,6271429320,/hpcdisk1/cbb_group/data/analysis/HRA001272/HRA001272-SomaticSNV-1.0.maf,genomic
HRA001272,HRA001272::/hpcdisk1/cbb_group/data/analysis/HRA001272/maf,maf,DIR,dir,5.84 GB,2,6271429320,/hpcdisk1/cbb_group/data/analysis/HRA001272/maf,genomic
HRA001272,HRA001272::/hpcdisk1/cbb_group/data/analysis/HRA001272/mutect2,mutect2,DIR,dir,2.99 GB,2,3208560678,/hpcdisk1/cbb_group/data/analysis/HRA001272/mutect2,genomic
HRA001272,HRA001272::/hpcdisk1/cbb_group/data/analysis/HRA001272/SomaticIndel-VCF-files,SomaticIndel-VCF-files,DIR,dir,8.44 MB,2,8847229,/hpcdisk1/cbb_group/data/analysis/HRA001272/SomaticIndel-VCF-files,genomic
HRA001272,HRA001272::/hpcdisk1/cbb_group/data/analysis/HRA001272/SomaticSNV-VCF-files,SomaticSNV-VCF-files,DIR,dir,2.06 GB,2,2209752046,/hpcdisk1/cbb_group/data/analysis/HRA001272/SomaticSNV-VCF-files,genomic
HRA001272,HRA001272::/hpcdisk1/cbb_group/data/analysis/HRA001272/SomaticSV-VCF-files,SomaticSV-VCF-files,DIR,dir,7.69 MB,2,8065250,/hpcdisk1/cbb_group/data/analysis/HRA001272/SomaticSV-VCF-files,genomic
HRA001272,HRA001272::/hpcdisk1/cbb_group/data/analysis/HRA001272/RNAseq/SpliceJunction,SpliceJunction,DIR,dir,3.30 GB,2,3542344861,/hpcdisk1/cbb_group/data/analysis/HRA001272/RNAseq/SpliceJunction,transcriptomic
HRA001748,HRA001748::/hpcdisk1/cbb_group/data/scRNAseq/HRA001748/Matrix-h5,Matrix-h5,DIR,dir,13.70 GB,2,14711944714,/hpcdisk1/cbb_group/data/scRNAseq/HRA001748/Matrix-h5,single-cell transcriptomic
HRA001749,HRA001749::/hpcdisk1/cbb_group/data/analysis/HRA001749/BAM-files,BAM-files,DIR,dir,2.32 TB,2,2.54876E+12,/hpcdisk1/cbb_group/data/analysis/HRA001749/BAM-files,genomic
HRA001749,HRA001749::/hpcdisk1/cbb_group/data/analysis/HRA001749/HRA001749-SomaticCNV-1.0.tsv,HRA001749-SomaticCNV-1.0.tsv,.tsv,tsv,237.12 KB,2,242808,/hpcdisk1/cbb_group/data/analysis/HRA001749/HRA001749-SomaticCNV-1.0.tsv,genomic
HRA001749,HRA001749::/hpcdisk1/cbb_group/data/analysis/HRA001749/HRA001749-SomaticSNV-1.0.maf,HRA001749-SomaticSNV-1.0.maf,.maf,maf,66.69 MB,2,69932152,/hpcdisk1/cbb_group/data/analysis/HRA001749/HRA001749-SomaticSNV-1.0.maf,genomic
HRA001749,HRA001749::/hpcdisk1/cbb_group/data/analysis/HRA001749/maf,maf,DIR,dir,66.69 MB,2,69932152,/hpcdisk1/cbb_group/data/analysis/HRA001749/maf,genomic
HRA001749,HRA001749::/hpcdisk1/cbb_group/data/analysis/HRA001749/mutect2,mutect2,DIR,dir,56.85 MB,2,59607184,/hpcdisk1/cbb_group/data/analysis/HRA001749/mutect2,genomic
HRA001749,HRA001749::/hpcdisk1/cbb_group/data/analysis/HRA001749/SomaticIndel-VCF-files,SomaticIndel-VCF-files,DIR,dir,3.26 MB,2,3423127,/hpcdisk1/cbb_group/data/analysis/HRA001749/SomaticIndel-VCF-files,genomic
HRA001749,HRA001749::/hpcdisk1/cbb_group/data/analysis/HRA001749/SomaticSNV-VCF-files,SomaticSNV-VCF-files,DIR,dir,22.28 MB,2,23364469,/hpcdisk1/cbb_group/data/analysis/HRA001749/SomaticSNV-VCF-files,genomic
HRA001749,HRA001749::/hpcdisk1/cbb_group/data/analysis/HRA001749/SomaticSV-VCF-files,SomaticSV-VCF-files,DIR,dir,3.34 MB,2,3502654,/hpcdisk1/cbb_group/data/analysis/HRA001749/SomaticSV-VCF-files,genomic
HRA003107,HRA003107::/hpcdisk1/cbb_group/data/analysis/HRA003107/BAM,BAM,DIR,dir,14.09 TB,2,1.54954E+13,/hpcdisk1/cbb_group/data/analysis/HRA003107/BAM,transcriptomic
HRA003107,HRA003107::/hpcdisk1/cbb_group/data/analysis/HRA003107/Fusion,Fusion,DIR,dir,125.19 GB,2,1.34425E+11,/hpcdisk1/cbb_group/data/analysis/HRA003107/Fusion,transcriptomic
HRA003107,HRA003107::/hpcdisk1/cbb_group/data/analysis/HRA003107/HRA003107-Genes-counts-1.0.tsv,HRA003107-Genes-counts-1.0.tsv,.tsv,tsv,67.71 MB,2,70995353,/hpcdisk1/cbb_group/data/analysis/HRA003107/HRA003107-Genes-counts-1.0.tsv,transcriptomic
HRA003107,HRA003107::/hpcdisk1/cbb_group/data/analysis/HRA003107/HRA003107-Genes-FPKM-1.0.tsv,HRA003107-Genes-FPKM-1.0.tsv,.tsv,tsv,257.73 MB,2,270251068,/hpcdisk1/cbb_group/data/analysis/HRA003107/HRA003107-Genes-FPKM-1.0.tsv,transcriptomic
HRA003107,HRA003107::/hpcdisk1/cbb_group/data/analysis/HRA003107/HRA003107-Genes-TPM-1.0.tsv,HRA003107-Genes-TPM-1.0.tsv,.tsv,tsv,253.54 MB,2,265859270,/hpcdisk1/cbb_group/data/analysis/HRA003107/HRA003107-Genes-TPM-1.0.tsv,transcriptomic
HRA003107,HRA003107::/hpcdisk1/cbb_group/data/analysis/HRA003107/SpliceJunction,SpliceJunction,DIR,tsv,3.52 GB,2,3776922972,/hpcdisk1/cbb_group/data/analysis/HRA003107/SpliceJunction,transcriptomic
HRA005191,HRA005191::/hpcdisk1/cbb_group/data/scRNAseq/HRA005191/Matrix-h5,Matrix-h5,DIR,tsv,15.30 GB,2,16427612442,/hpcdisk1/cbb_group/data/scRNAseq/HRA005191/Matrix-h5,single-cell transcriptomic
HRA006499,HRA006499::/hpcdisk1/cbb_group/data/analysis/HRA006499/BAM-files,BAM-files,DIR,dir,8.06 TB,2,8.86642E+12,/hpcdisk1/cbb_group/data/analysis/HRA006499/BAM-files,genomic
HRA006499,HRA006499::/hpcdisk1/cbb_group/data/analysis/HRA006499/BAM-files-unmerge,BAM-files-unmerge,DIR,dir,7.67 TB,2,8.43808E+12,/hpcdisk1/cbb_group/data/analysis/HRA006499/BAM-files-unmerge,genomic
HRA006499,HRA006499::/hpcdisk1/cbb_group/data/analysis/HRA006499/maf,maf,DIR,dir,0.00 B,2,0,/hpcdisk1/cbb_group/data/analysis/HRA006499/maf,genomic
HRA006499,HRA006499::/hpcdisk1/cbb_group/data/analysis/HRA006499/mutect2,mutect2,DIR,dir,0.00 B,2,0,/hpcdisk1/cbb_group/data/analysis/HRA006499/mutect2,genomic
HRA006499,HRA006499::/hpcdisk1/cbb_group/data/analysis/HRA006499/SomaticIndel-VCF-files,SomaticIndel-VCF-files,DIR,dir,0.00 B,2,0,/hpcdisk1/cbb_group/data/analysis/HRA006499/SomaticIndel-VCF-files,genomic
HRA006499,HRA006499::/hpcdisk1/cbb_group/data/analysis/HRA006499/SomaticSNV-VCF-files,SomaticSNV-VCF-files,DIR,dir,0.00 B,2,0,/hpcdisk1/cbb_group/data/analysis/HRA006499/SomaticSNV-VCF-files,genomic
HRA006499,HRA006499::/hpcdisk1/cbb_group/data/analysis/HRA006499/SomaticSV-VCF-files,SomaticSV-VCF-files,DIR,dir,0.00 B,2,0,/hpcdisk1/cbb_group/data/analysis/HRA006499/SomaticSV-VCF-files,genomic
HRA007167,HRA007167::/hpcdisk1/cbb_group/data/analysis/HRA007167/BAM,BAM,DIR,dir,16.12 TB,2,1.77242E+13,/hpcdisk1/cbb_group/data/analysis/HRA007167/BAM,transcriptomic
HRA007167,HRA007167::/hpcdisk1/cbb_group/data/analysis/HRA007167/Fusion,Fusion,DIR,dir,2.80 MB,2,2938899,/hpcdisk1/cbb_group/data/analysis/HRA007167/Fusion,transcriptomic
HRA007167,HRA007167::/hpcdisk1/cbb_group/data/analysis/HRA007167/HRA007167-Genes-counts-1.0.tsv,HRA007167-Genes-counts-1.0.tsv,.tsv,tsv,17.41 MB,2,18253535,/hpcdisk1/cbb_group/data/analysis/HRA007167/HRA007167-Genes-counts-1.0.tsv,transcriptomic
HRA007167,HRA007167::/hpcdisk1/cbb_group/data/analysis/HRA007167/HRA007167-Genes-FPKM-1.0.tsv,HRA007167-Genes-FPKM-1.0.tsv,.tsv,tsv,53.75 MB,2,56358137,/hpcdisk1/cbb_group/data/analysis/HRA007167/HRA007167-Genes-FPKM-1.0.tsv,transcriptomic
HRA007167,HRA007167::/hpcdisk1/cbb_group/data/analysis/HRA007167/HRA007167-Genes-TPM-1.0.tsv,HRA007167-Genes-TPM-1.0.tsv,.tsv,tsv,51.87 MB,2,54387675,/hpcdisk1/cbb_group/data/analysis/HRA007167/HRA007167-Genes-TPM-1.0.tsv,transcriptomic
HRA007167,HRA007167::/hpcdisk1/cbb_group/data/analysis/HRA007167/SpliceJunction,SpliceJunction,DIR,tsv,349.56 MB,2,366540432,/hpcdisk1/cbb_group/data/analysis/HRA007167/SpliceJunction,transcriptomic
HRA007169,HRA007169::/hpcdisk1/cbb_group/data/analysis/HRA007169/BAM-files,BAM-files,DIR,tsv,3.21 TB,2,3.52535E+12,/hpcdisk1/cbb_group/data/analysis/HRA007169/BAM-files,genomic
HRA007169,HRA007169::/hpcdisk1/cbb_group/data/analysis/HRA007169/HRA007169-SomaticCNV-1.0.tsv,HRA007169-SomaticCNV-1.0.tsv,.tsv,tsv,257.41 KB,2,263589,/hpcdisk1/cbb_group/data/analysis/HRA007169/HRA007169-SomaticCNV-1.0.tsv,genomic
HRA007169,HRA007169::/hpcdisk1/cbb_group/data/analysis/HRA007169/HRA007169-SomaticSNV-1.0.maf,HRA007169-SomaticSNV-1.0.maf,.maf,maf,28.84 MB,2,30239227,/hpcdisk1/cbb_group/data/analysis/HRA007169/HRA007169-SomaticSNV-1.0.maf,genomic
HRA007169,HRA007169::/hpcdisk1/cbb_group/data/analysis/HRA007169/maf,maf,DIR,dir,28.84 MB,2,30239227,/hpcdisk1/cbb_group/data/analysis/HRA007169/maf,genomic
HRA007169,HRA007169::/hpcdisk1/cbb_group/data/analysis/HRA007169/mutect2,mutect2,DIR,dir,145.43 MB,2,152492765,/hpcdisk1/cbb_group/data/analysis/HRA007169/mutect2,genomic
HRA007169,HRA007169::/hpcdisk1/cbb_group/data/analysis/HRA007169/SomaticIndel-VCF-files,SomaticIndel-VCF-files,DIR,dir,1.96 MB,2,2059056,/hpcdisk1/cbb_group/data/analysis/HRA007169/SomaticIndel-VCF-files,genomic
HRA007169,HRA007169::/hpcdisk1/cbb_group/data/analysis/HRA007169/SomaticSNV-VCF-files,SomaticSNV-VCF-files,DIR,dir,2.77 MB,2,2903827,/hpcdisk1/cbb_group/data/analysis/HRA007169/SomaticSNV-VCF-files,genomic
HRA007169,HRA007169::/hpcdisk1/cbb_group/data/analysis/HRA007169/SomaticSV-VCF-files,SomaticSV-VCF-files,DIR,dir,1.60 MB,2,1677150,/hpcdisk1/cbb_group/data/analysis/HRA007169/SomaticSV-VCF-files,genomic
HRA000321,HRA000321::/hpcdisk1/cbb_group/data/scRNAseq/HRA000321/HRA000321-MetaInfo-1.0.xlsx,HRA000321-MetaInfo-1.0.xlsx,.xlsx,xlsx,53.61 KB,,54901,/hpcdisk1/cbb_group/data/scRNAseq/HRA000321/HRA000321-MetaInfo-1.0.xlsx,HRA001748
HRA001748,HRA001748::/hpcdisk1/cbb_group/data/scRNAseq/HRA001748/HRA001748-MetaInfo-1.0.xlsx,HRA001748-MetaInfo-1.0.xlsx,.xlsx,xlsx,30.40 KB,,31133,/hpcdisk1/cbb_group/data/scRNAseq/HRA001748/HRA001748-MetaInfo-1.0.xlsx,HRA005191
HRA005191,HRA005191::/hpcdisk1/cbb_group/data/scRNAseq/HRA005191/HRA005191-MetaInfo-1.0.xlsx,HRA005191-MetaInfo-1.0.xlsx,.xlsx,xlsx,61.07 KB,,62535,/hpcdisk1/cbb_group/data/scRNAseq/HRA005191/HRA005191-MetaInfo-1.0.xlsx,HRA000021
HRA000071,HRA000071::/hpcdisk1/cbb_group/data/analysis/HRA000071/HRA000071-Clinical-1.0.xlsx,HRA000071-Clinical-1.0.xlsx,.xlsx,xlsx,97.87 KB,,100217,/hpcdisk1/cbb_group/data/analysis/HRA000071/HRA000071-Clinical-1.0.xlsx,clinical
HRA000071,HRA000071::/hpcdisk1/cbb_group/data/analysis/HRA000071/HRA000071-MetaInfo-1.0.xlsx,HRA000071-MetaInfo-1.0.xlsx,.xlsx,xlsx,177.77 KB,,182041,/hpcdisk1/cbb_group/data/analysis/HRA000071/HRA000071-MetaInfo-1.0.xlsx,HRA000074
HRA000074,HRA000074::/hpcdisk1/cbb_group/data/analysis/HRA000074/HRA000074-MetaInfo-1.0.xlsx,HRA000074-MetaInfo-1.0.xlsx,.xlsx,xlsx,99.76 KB,,102159,/hpcdisk1/cbb_group/data/analysis/HRA000074/HRA000074-MetaInfo-1.0.xlsx,HRA000873
HRA001749,HRA001749::/hpcdisk1/cbb_group/data/analysis/HRA001749/HRA001749-MetaInfo-1.0.xlsx,HRA001749-MetaInfo-1.0.xlsx,.xlsx,xlsx,32.19 KB,,32963,/hpcdisk1/cbb_group/data/analysis/HRA001749/HRA001749-MetaInfo-1.0.xlsx,HRA003107
HRA003107,HRA003107::/hpcdisk1/cbb_group/data/analysis/HRA003107/HRA003107-MetaInfo-1.0.xlsx,HRA003107-MetaInfo-1.0.xlsx,.xlsx,xlsx,122.83 KB,,125773,/hpcdisk1/cbb_group/data/analysis/HRA003107/HRA003107-MetaInfo-1.0.xlsx,HRA006499
HRA006499,HRA006499::/hpcdisk1/cbb_group/data/analysis/HRA006499/HRA006499-MetaInfo-1.0.xlsx,HRA006499-MetaInfo-1.0.xlsx,.xlsx,xlsx,70.81 KB,,72513,/hpcdisk1/cbb_group/data/analysis/HRA006499/HRA006499-MetaInfo-1.0.xlsx,HRA007167
HRA007167,HRA007167::/hpcdisk1/cbb_group/data/analysis/HRA007167/HRA007167-MetaInfo-1.0.xlsx,HRA007167-MetaInfo-1.0.xlsx,.xlsx,xlsx,20.40 KB,,20893,/hpcdisk1/cbb_group/data/analysis/HRA007167/HRA007167-MetaInfo-1.0.xlsx,HRA007169
HRA001272,HRA001272::/hpcdisk1/cbb_group/data/analysis/HRA001272/HRA001272-Clinical-1.0.xls,HRA001272-Clinical-1.0.xls,.xls,xls,117.00 KB,,119808,/hpcdisk1/cbb_group/data/analysis/HRA001272/HRA001272-Clinical-1.0.xls,clinical
